<?xml version="1.0" encoding="utf-8" ?>
<dwsync>
<file name="animated-overlay.gif" server="ftp.enthalpy.mx/eventos/" local="130470827744274219" remote="130471959600000000" Dst="2" />
<file name="ui-bg_flat_0_aaaaaa_40x100.png" server="ftp.enthalpy.mx/eventos/" local="130470827744554412" remote="130471959600000000" Dst="2" />
<file name="ui-bg_flat_75_ffffff_40x100.png" server="ftp.enthalpy.mx/eventos/" local="130470827744664482" remote="130471959600000000" Dst="2" />
<file name="ui-bg_glass_55_fbf9ee_1x400.png" server="ftp.enthalpy.mx/eventos/" local="130470827744794586" remote="130471959600000000" Dst="2" />
<file name="ui-bg_glass_65_ffffff_1x400.png" server="ftp.enthalpy.mx/eventos/" local="130470827744884656" remote="130471959600000000" Dst="2" />
<file name="ui-bg_glass_75_dadada_1x400.png" server="ftp.enthalpy.mx/eventos/" local="130470827744984716" remote="130471959600000000" Dst="2" />
<file name="ui-bg_glass_75_e6e6e6_1x400.png" server="ftp.enthalpy.mx/eventos/" local="130470827745074745" remote="130471959600000000" Dst="2" />
<file name="ui-bg_glass_95_fef1ec_1x400.png" server="ftp.enthalpy.mx/eventos/" local="130470827745164815" remote="130471959600000000" Dst="2" />
<file name="ui-bg_layered-circles_75_62A60A_13x13.png" server="ftp.enthalpy.mx/eventos/" local="130470827745755211" remote="130471959600000000" Dst="2" />
<file name="ui-icons_222222_256x240.png" server="ftp.enthalpy.mx/eventos/" local="130470827746005361" remote="130471959600000000" Dst="2" />
<file name="ui-icons_2e83ff_256x240.png" server="ftp.enthalpy.mx/eventos/" local="130470827746215497" remote="130471959600000000" Dst="2" />
<file name="ui-icons_454545_256x240.png" server="ftp.enthalpy.mx/eventos/" local="130470827746425647" remote="130471959600000000" Dst="2" />
<file name="ui-icons_888888_256x240.png" server="ftp.enthalpy.mx/eventos/" local="130470827746675810" remote="130471959600000000" Dst="2" />
<file name="ui-icons_cd0a0a_256x240.png" server="ftp.enthalpy.mx/eventos/" local="130470827746905967" remote="130471959600000000" Dst="2" />
</dwsync>