<?xml version="1.0" encoding="utf-8" ?>
<dwsync>
<file name="jquery.ui.accordion.css" server="ftp.enthalpy.mx/eventos/" local="130470827727643175" remote="130471959600000000" Dst="2" />
<file name="jquery.ui.all.css" server="ftp.enthalpy.mx/eventos/" local="130470827727733204" remote="130471959600000000" Dst="2" />
<file name="jquery-ui.css" server="ftp.enthalpy.mx/eventos/" local="130470827727222861" remote="130471959600000000" Dst="2" />
<file name="jquery.ui.autocomplete.css" server="ftp.enthalpy.mx/eventos/" local="130470827727813257" remote="130471959600000000" Dst="2" />
<file name="jquery.ui.base.css" server="ftp.enthalpy.mx/eventos/" local="130470827728233530" remote="130471959600000000" Dst="2" />
<file name="jquery.ui.button.css" server="ftp.enthalpy.mx/eventos/" local="130470827728323593" remote="130471959600000000" Dst="2" />
<file name="jquery.ui.core.css" server="ftp.enthalpy.mx/eventos/" local="130470827728413657" remote="130471959600000000" Dst="2" />
<file name="jquery.ui.datepicker.css" server="ftp.enthalpy.mx/eventos/" local="130470827728783927" remote="130471959600000000" Dst="2" />
<file name="jquery.ui.dialog.css" server="ftp.enthalpy.mx/eventos/" local="130470827728873963" remote="130471959600000000" Dst="2" />
<file name="jquery.ui.menu.css" server="ftp.enthalpy.mx/eventos/" local="130470827728954030" remote="130471959600000000" Dst="2" />
<file name="jquery.ui.progressbar.css" server="ftp.enthalpy.mx/eventos/" local="130470827729104133" remote="130471959600000000" Dst="2" />
<file name="jquery.ui.resizable.css" server="ftp.enthalpy.mx/eventos/" local="130470827729194176" remote="130471959600000000" Dst="2" />
<file name="jquery.ui.selectable.css" server="ftp.enthalpy.mx/eventos/" local="130470827729284233" remote="130471959600000000" Dst="2" />
<file name="jquery.ui.theme.css" server="ftp.enthalpy.mx/eventos/" local="130470827729674509" remote="130471959600000000" Dst="2" />
</dwsync>