<?xml version="1.0" encoding="utf-8" ?>
<dwsync>
<file name="channel.php" server="ftp.enthalpy.mx/eventos/" local="130470827839707728" remote="130471960200000000" Dst="2" />
<file name="datos.php" server="ftp.enthalpy.mx/eventos/" local="130481811537541845" remote="130482168000000000" Dst="2" />
<file name="datosusuario.php" server="ftp.enthalpy.mx/eventos/" local="130492285814187815" remote="130492566000000000" Dst="2" />
<file name="funcBD.php" server="ftp.enthalpy.mx/eventos/" local="130470827840398177" remote="130471960200000000" Dst="2" />
<file name="funciones.php" server="ftp.enthalpy.mx/eventos/" local="130492286070909169" remote="130492566000000000" Dst="2" />
<file name="func_rest.php" server="ftp.enthalpy.mx/eventos/" local="130470827840498237" remote="130471960200000000" Dst="2" />
<file name="login.php" server="ftp.enthalpy.mx/eventos/" local="130492277162627383" remote="130492566000000000" Dst="2" />
<file name="logout.php" server="ftp.enthalpy.mx/eventos/" local="130492272954239905" remote="130492566000000000" Dst="2" />
<file name="s_dias_calendario.php" server="ftp.enthalpy.mx/eventos/" local="130471652386480509" remote="130471960200000000" Dst="2" />
<file name="s_items_calendario.php" server="ftp.enthalpy.mx/eventos/" local="130492401976576543" remote="130492597200000000" Dst="2" />
<file name="s_unlogged.php" server="ftp.enthalpy.mx/eventos/" local="130470827843360148" remote="130471960200000000" Dst="2" />
<file name="campos.php" server="ftp.enthalpy.mx/eventos/" local="130476753403924145" remote="130476933600000000" Dst="2" />
<file name="generar_form.php" server="ftp.enthalpy.mx/eventos/" local="130476885153096422" remote="130477116600000000" Dst="2" />
<file name="formas.php" server="ftp.enthalpy.mx/eventos/" local="130476721885676195" remote="130476933600000000" Dst="2" />
<file name="pivotes.php" server="ftp.enthalpy.mx/eventos/" local="130480948266966247" remote="130481417400000000" Dst="2" />
<file name="s_guardar_form.php" server="ftp.enthalpy.mx/eventos/" local="130492285449904745" remote="130492566000000000" Dst="2" />
<file name="botones_form.php" server="ftp.enthalpy.mx/eventos/" local="130480943800000212" remote="130481417400000000" Dst="2" />
<file name="s_cotizaciones.php" server="ftp.enthalpy.mx/eventos/" local="130476926613688297" remote="130477116600000000" Dst="2" />
<file name="busca_clientes.php" server="ftp.enthalpy.mx/eventos/" local="130492286224841865" remote="130492566000000000" Dst="2" />
<file name="busca_familias.php" server="ftp.enthalpy.mx/eventos/" local="130477738081139759" remote="130477948200000000" Dst="2" />
<file name="busca_proveedores.php" server="ftp.enthalpy.mx/eventos/" local="130492285941943076" remote="130492566000000000" Dst="2" />
<file name="busca_subfamilias.php" server="ftp.enthalpy.mx/eventos/" local="130477737993180992" remote="130477948200000000" Dst="2" />
<file name="ocupa_user.php" server="ftp.enthalpy.mx/eventos/" local="130480201009059063" remote="130480609800000000" Dst="2" />
<file name="s_datos_contacto.php" server="ftp.enthalpy.mx/eventos/" local="130492285600465187" remote="130492566000000000" Dst="2" />
<file name="s_datos_fiscal.php" server="ftp.enthalpy.mx/eventos/" local="130492285541125587" remote="130492566000000000" Dst="2" />
<file name="s_modificar_form.php" server="ftp.enthalpy.mx/eventos/" local="130492285017446147" remote="130492566000000000" Dst="2" />
<file name="s_traer_campos.php" server="ftp.enthalpy.mx/eventos/" local="130492285168747083" remote="130492566000000000" Dst="2" />
<file name="func_form.php" server="ftp.enthalpy.mx/eventos/" local="130495637030628303" remote="130495890000000000" Dst="2" />
<file name="busca_articulos.php" server="ftp.enthalpy.mx/eventos/" local="130492286472667272" remote="130492566000000000" Dst="2" />
<file name="busca_cotizacion.php" server="ftp.enthalpy.mx/eventos/" local="130480182880199329" remote="130480609800000000" Dst="2" />
<file name="elimina_articulo.php" server="ftp.enthalpy.mx/eventos/" local="130480503034969955" remote="130480683000000000" Dst="2" />
<file name="func_guardar.php" server="ftp.enthalpy.mx/eventos/" local="130480215303850847" remote="130480609800000000" Dst="2" />
<file name="get_items_cot.php" server="ftp.enthalpy.mx/eventos/" local="130492287060139336" remote="130492566000000000" Dst="2" />
<file name="busca_tipo_evento.php" server="ftp.enthalpy.mx/eventos/" local="130492285875148518" remote="130492566000000000" Dst="2" />
<file name="guarda_articulo_cot.php" server="ftp.enthalpy.mx/eventos/" local="130488072071132182" remote="130488252000000000" Dst="2" />
<file name="rest_mun.php" server="ftp.enthalpy.mx/eventos/" local="130482011992654671" remote="130492566000000000" Dst="2" />
<file name="datos.php" server="ftp.leadon.com.mx/eventos/" local="130494081022264942" remote="130494170400000000" Dst="2" />
<file name="func_form.php" server="ftp.leadon.com.mx/eventos/" local="130494201072940369" remote="130494214800000000" Dst="2" />
<file name="funciones.php" server="ftp.leadon.com.mx/eventos/" local="130492286070909169" remote="130494156600000000" Dst="2" />
<file name="pivotes.php" server="ftp.leadon.com.mx/eventos/" local="130480948266966247" remote="130494170400000000" Dst="2" />
<file name="s_datos_fiscal.php" server="ftp.leadon.com.mx/eventos/" local="130492285541125587" remote="130494170400000000" Dst="2" />
<file name="s_datos_contacto.php" server="ftp.leadon.com.mx/eventos/" local="130494153536617471" remote="130494170400000000" Dst="2" />
<file name="ocupa_user.php" server="ftp.leadon.com.mx/eventos/" local="130480201009059063" remote="130494197400000000" Dst="2" />
<file name="func_guardar.php" server="ftp.leadon.com.mx/eventos/" local="130480215303850847" remote="130494197400000000" Dst="2" />
<file name="s_guardar_form.php" server="ftp.leadon.com.mx/eventos/" local="130494197942710705" remote="130494198000000000" Dst="2" />
<file name="busca_cotizacion.php" server="ftp.leadon.com.mx/eventos/" local="130494206776907590" remote="130494214800000000" Dst="2" />
</dwsync>