<?xml version="1.0" encoding="utf-8" ?>
<dwsync>
<file name="collapsible.html" server="ftp.enthalpy.mx/eventos/" local="130470827663680587" remote="130471959000000000" Dst="2" />
<file name="custom-icons.html" server="ftp.enthalpy.mx/eventos/" local="130470827663770657" remote="130471959000000000" Dst="2" />
<file name="default.html" server="ftp.enthalpy.mx/eventos/" local="130470827664000827" remote="130471959000000000" Dst="2" />
<file name="fillspace.html" server="ftp.enthalpy.mx/eventos/" local="130470827664040854" remote="130471959000000000" Dst="2" />
<file name="hoverintent.html" server="ftp.enthalpy.mx/eventos/" local="130470827664060846" remote="130471959000000000" Dst="2" />
<file name="index.html" server="ftp.enthalpy.mx/eventos/" local="130470827664401086" remote="130471959000000000" Dst="2" />
<file name="no-auto-height.html" server="ftp.enthalpy.mx/eventos/" local="130470827664631243" remote="130471959000000000" Dst="2" />
<file name="sortable.html" server="ftp.enthalpy.mx/eventos/" local="130470827664651263" remote="130471959000000000" Dst="2" />
</dwsync>