<?xml version="1.0" encoding="utf-8" ?>
<dwsync>
<file name="jquery-ui.css" server="ftp.enthalpy.mx/eventos/" local="130470827740241553" remote="130471959600000000" Dst="2" />
<file name="jquery.ui.accordion.css" server="ftp.enthalpy.mx/eventos/" local="130470827740841939" remote="130471959600000000" Dst="2" />
<file name="jquery.ui.all.css" server="ftp.enthalpy.mx/eventos/" local="130470827740931982" remote="130471959600000000" Dst="2" />
<file name="jquery.ui.autocomplete.css" server="ftp.enthalpy.mx/eventos/" local="130470827741022045" remote="130471959600000000" Dst="2" />
<file name="jquery.ui.base.css" server="ftp.enthalpy.mx/eventos/" local="130470827741322265" remote="130471959600000000" Dst="2" />
<file name="jquery.ui.button.css" server="ftp.enthalpy.mx/eventos/" local="130470827741402305" remote="130471959600000000" Dst="2" />
<file name="jquery.ui.core.css" server="ftp.enthalpy.mx/eventos/" local="130470827741982698" remote="130471959600000000" Dst="2" />
<file name="jquery.ui.datepicker.css" server="ftp.enthalpy.mx/eventos/" local="130470827742182872" remote="130471959600000000" Dst="2" />
<file name="jquery.ui.dialog.css" server="ftp.enthalpy.mx/eventos/" local="130470827742322938" remote="130471959600000000" Dst="2" />
<file name="jquery.ui.menu.css" server="ftp.enthalpy.mx/eventos/" local="130470827742533081" remote="130471959600000000" Dst="2" />
<file name="jquery.ui.progressbar.css" server="ftp.enthalpy.mx/eventos/" local="130470827742673140" remote="130471959600000000" Dst="2" />
<file name="jquery.ui.resizable.css" server="ftp.enthalpy.mx/eventos/" local="130470827742803258" remote="130471959600000000" Dst="2" />
<file name="jquery.ui.selectable.css" server="ftp.enthalpy.mx/eventos/" local="130470827742883277" remote="130471959600000000" Dst="2" />
<file name="jquery.ui.theme.css" server="ftp.enthalpy.mx/eventos/" local="130470827743163470" remote="130471959600000000" Dst="2" />
</dwsync>