<?xml version="1.0" encoding="utf-8" ?>
<dwsync>
<file name="jquery.ui.accordion.js" server="ftp.enthalpy.mx/eventos/" local="130470827766238856" remote="130471959600000000" Dst="2" />
<file name="jquery.ui.autocomplete.js" server="ftp.enthalpy.mx/eventos/" local="130470827766428965" remote="130471959600000000" Dst="2" />
<file name="jquery.ui.button.js" server="ftp.enthalpy.mx/eventos/" local="130470827766999321" remote="130471959600000000" Dst="2" />
<file name="jquery.ui.core.js" server="ftp.enthalpy.mx/eventos/" local="130470827767269525" remote="130471959600000000" Dst="2" />
<file name="jquery.ui.dialog.js" server="ftp.enthalpy.mx/eventos/" local="130470827767779847" remote="130471959600000000" Dst="2" />
<file name="jquery.ui.datepicker.js" server="ftp.enthalpy.mx/eventos/" local="130470827767559701" remote="130471959600000000" Dst="2" />
<file name="jquery.ui.draggable.js" server="ftp.enthalpy.mx/eventos/" local="130470827767939981" remote="130471959600000000" Dst="2" />
<file name="jquery.ui.droppable.js" server="ftp.enthalpy.mx/eventos/" local="130470827768190151" remote="130471959600000000" Dst="2" />
<file name="jquery-ui.custom.js" server="ftp.enthalpy.mx/eventos/" local="130470827765738516" remote="130471959600000000" Dst="2" />
<file name="jquery.ui.effect-blind.js" server="ftp.enthalpy.mx/eventos/" local="130470827768340240" remote="130471959600000000" Dst="2" />
<file name="jquery.ui.effect-bounce.js" server="ftp.enthalpy.mx/eventos/" local="130470827768420273" remote="130471959600000000" Dst="2" />
<file name="jquery.ui.effect-clip.js" server="ftp.enthalpy.mx/eventos/" local="130470827768710483" remote="130471959600000000" Dst="2" />
<file name="jquery.ui.effect-drop.js" server="ftp.enthalpy.mx/eventos/" local="130470827768800526" remote="130471959600000000" Dst="2" />
<file name="jquery.ui.effect-explode.js" server="ftp.enthalpy.mx/eventos/" local="130470827768880593" remote="130471959600000000" Dst="2" />
<file name="jquery.ui.effect-fade.js" server="ftp.enthalpy.mx/eventos/" local="130470827768970636" remote="130471959600000000" Dst="2" />
<file name="jquery.ui.effect-fold.js" server="ftp.enthalpy.mx/eventos/" local="130470827769420953" remote="130471959600000000" Dst="2" />
<file name="jquery.ui.effect-highlight.js" server="ftp.enthalpy.mx/eventos/" local="130470827769521019" remote="130471959600000000" Dst="2" />
<file name="jquery.ui.effect-pulsate.js" server="ftp.enthalpy.mx/eventos/" local="130470827769611096" remote="130471959600000000" Dst="2" />
<file name="jquery.ui.effect-scale.js" server="ftp.enthalpy.mx/eventos/" local="130470827769811202" remote="130471959600000000" Dst="2" />
<file name="jquery.ui.effect-shake.js" server="ftp.enthalpy.mx/eventos/" local="130470827769901258" remote="130471959600000000" Dst="2" />
<file name="jquery.ui.effect-slide.js" server="ftp.enthalpy.mx/eventos/" local="130470827770011342" remote="130471959600000000" Dst="2" />
<file name="jquery.ui.effect-transfer.js" server="ftp.enthalpy.mx/eventos/" local="130470827770371582" remote="130471959600000000" Dst="2" />
<file name="jquery.ui.effect.js" server="ftp.enthalpy.mx/eventos/" local="130470827770761831" remote="130471959600000000" Dst="2" />
<file name="jquery.ui.menu.js" server="ftp.enthalpy.mx/eventos/" local="130470827770961978" remote="130471959600000000" Dst="2" />
<file name="jquery.ui.mouse.js" server="ftp.enthalpy.mx/eventos/" local="130470827771072041" remote="130471959600000000" Dst="2" />
<file name="jquery.ui.position.js" server="ftp.enthalpy.mx/eventos/" local="130470827771282177" remote="130471959600000000" Dst="2" />
<file name="jquery.ui.progressbar.js" server="ftp.enthalpy.mx/eventos/" local="130470827771592401" remote="130471959600000000" Dst="2" />
<file name="jquery.ui.selectable.js" server="ftp.enthalpy.mx/eventos/" local="130470827772042683" remote="130471959600000000" Dst="2" />
<file name="jquery.ui.resizable.js" server="ftp.enthalpy.mx/eventos/" local="130470827771922603" remote="130471959600000000" Dst="2" />
<file name="jquery.ui.widget.js" server="ftp.enthalpy.mx/eventos/" local="130470827772392920" remote="130471959600000000" Dst="2" />
<file name="jquery.ui.sortable.js" server="ftp.enthalpy.mx/eventos/" local="130470827772292846" remote="130471959600000000" Dst="2" />
</dwsync>