<?xml version="1.0" encoding="utf-8" ?>
<dwsync>
<file name="bjqs.css" server="ftp.enthalpy.mx/eventos/" local="130470828703402316" remote="130471959000000000" Dst="2" />
<file name="fancybox_loading.gif" server="ftp.enthalpy.mx/eventos/" local="130470828703622462" remote="130471959000000000" Dst="2" />
<file name="close_fancy.fw.png" server="ftp.enthalpy.mx/eventos/" local="130470828703512427" remote="130471959000000000" Dst="2" />
<file name="fancybox_loading@2x.gif" server="ftp.enthalpy.mx/eventos/" local="130470828703732559" remote="130471959000000000" Dst="2" />
<file name="fancybox_overlay.png" server="ftp.enthalpy.mx/eventos/" local="130470828703842609" remote="130471959000000000" Dst="2" />
<file name="fancybox_sprite.png" server="ftp.enthalpy.mx/eventos/" local="130470828703982709" remote="130471959000000000" Dst="2" />
<file name="fancybox_sprite@2x.png" server="ftp.enthalpy.mx/eventos/" local="130470828704132805" remote="130471959000000000" Dst="2" />
<file name="Helvetica-Bold.otf" server="ftp.enthalpy.mx/eventos/" local="130470828704352965" remote="130471959000000000" Dst="2" />
<file name="index.css" server="ftp.enthalpy.mx/eventos/" local="130492489561353675" remote="130492669800000000" Dst="2" />
<file name="jquery.fancybox.css" server="ftp.enthalpy.mx/eventos/" local="130470828704513058" remote="130471959000000000" Dst="2" />
<file name="jquery.mCustomScrollbar.css" server="ftp.enthalpy.mx/eventos/" local="130470828704673165" remote="130471959000000000" Dst="2" />
<file name="mCSB_buttons.png" server="ftp.enthalpy.mx/eventos/" local="130470828704853285" remote="130471959000000000" Dst="2" />
<file name="eventos.css" server="ftp.enthalpy.mx/eventos/" local="130494835499946062" remote="130495047600000000" Dst="2" />
<file name="jquery-ui-timepicker-addon.min.css" server="ftp.enthalpy.mx/eventos/" local="130480171708207678" remote="130480610400000000" Dst="2" />
</dwsync>