<?xml version="1.0" encoding="utf-8" ?>
<dwsync>
<file name="animate.html" server="ftp.enthalpy.mx/eventos/" local="130470827690598495" remote="130471959000000000" Dst="2" />
<file name="aspect-ratio.html" server="ftp.enthalpy.mx/eventos/" local="130470827690698582" remote="130471959000000000" Dst="2" />
<file name="constrain-area.html" server="ftp.enthalpy.mx/eventos/" local="130470827690778615" remote="130471959000000000" Dst="2" />
<file name="delay-start.html" server="ftp.enthalpy.mx/eventos/" local="130470827691629184" remote="130471959000000000" Dst="2" />
<file name="default.html" server="ftp.enthalpy.mx/eventos/" local="130470827691529111" remote="130471959000000000" Dst="2" />
<file name="helper.html" server="ftp.enthalpy.mx/eventos/" local="130470827691719254" remote="130471959000000000" Dst="2" />
<file name="index.html" server="ftp.enthalpy.mx/eventos/" local="130470827692149530" remote="130471959000000000" Dst="2" />
<file name="max-min.html" server="ftp.enthalpy.mx/eventos/" local="130470827692239607" remote="130471959000000000" Dst="2" />
<file name="snap-to-grid.html" server="ftp.enthalpy.mx/eventos/" local="130470827692319661" remote="130471959000000000" Dst="2" />
<file name="synchronous-resize.html" server="ftp.enthalpy.mx/eventos/" local="130470827692529783" remote="130471959000000000" Dst="2" />
<file name="textarea.html" server="ftp.enthalpy.mx/eventos/" local="130470827692619840" remote="130471959000000000" Dst="2" />
<file name="visual-feedback.html" server="ftp.enthalpy.mx/eventos/" local="130470827692699927" remote="130471959000000000" Dst="2" />
</dwsync>