<?xml version="1.0" encoding="utf-8" ?>
<dwsync>
<file name="animated-overlay.gif" server="ftp.enthalpy.mx/eventos/" local="130470827723720531" remote="130471959000000000" Dst="2" />
<file name="ui-bg_flat_0_aaaaaa_40x100.png" server="ftp.enthalpy.mx/eventos/" local="130470827723810594" remote="130471959600000000" Dst="2" />
<file name="ui-bg_flat_75_ffffff_40x100.png" server="ftp.enthalpy.mx/eventos/" local="130470827723900651" remote="130471959600000000" Dst="2" />
<file name="ui-bg_glass_55_fbf9ee_1x400.png" server="ftp.enthalpy.mx/eventos/" local="130470827724120825" remote="130471959600000000" Dst="2" />
<file name="ui-bg_glass_65_ffffff_1x400.png" server="ftp.enthalpy.mx/eventos/" local="130470827724200892" remote="130471959600000000" Dst="2" />
<file name="ui-bg_glass_75_dadada_1x400.png" server="ftp.enthalpy.mx/eventos/" local="130470827724280904" remote="130471959600000000" Dst="2" />
<file name="ui-bg_glass_75_e6e6e6_1x400.png" server="ftp.enthalpy.mx/eventos/" local="130470827724531081" remote="130471959600000000" Dst="2" />
<file name="ui-bg_glass_95_fef1ec_1x400.png" server="ftp.enthalpy.mx/eventos/" local="130470827724611127" remote="130471959600000000" Dst="2" />
<file name="ui-bg_highlight-soft_75_cccccc_1x100.png" server="ftp.enthalpy.mx/eventos/" local="130470827724691180" remote="130471959600000000" Dst="2" />
<file name="ui-icons_222222_256x240.png" server="ftp.enthalpy.mx/eventos/" local="130470827725151486" remote="130471959600000000" Dst="2" />
<file name="ui-icons_2e83ff_256x240.png" server="ftp.enthalpy.mx/eventos/" local="130470827725391660" remote="130471959600000000" Dst="2" />
<file name="ui-icons_454545_256x240.png" server="ftp.enthalpy.mx/eventos/" local="130470827725561783" remote="130471959600000000" Dst="2" />
<file name="ui-icons_888888_256x240.png" server="ftp.enthalpy.mx/eventos/" local="130470827726422349" remote="130471959600000000" Dst="2" />
<file name="ui-icons_cd0a0a_256x240.png" server="ftp.enthalpy.mx/eventos/" local="130470827726592459" remote="130471959600000000" Dst="2" />
</dwsync>