<?xml version="1.0" encoding="utf-8" ?>
<dwsync>
<file name="constrain-movement.html" server="ftp.enthalpy.mx/eventos/" local="130470827677169595" remote="130471959000000000" Dst="2" />
<file name="cursor-style.html" server="ftp.enthalpy.mx/eventos/" local="130470827677339691" remote="130471959000000000" Dst="2" />
<file name="default.html" server="ftp.enthalpy.mx/eventos/" local="130470827677439744" remote="130471959000000000" Dst="2" />
<file name="delay-start.html" server="ftp.enthalpy.mx/eventos/" local="130470827677649901" remote="130471959000000000" Dst="2" />
<file name="events.html" server="ftp.enthalpy.mx/eventos/" local="130470827677729954" remote="130471959000000000" Dst="2" />
<file name="handle.html" server="ftp.enthalpy.mx/eventos/" local="130470827677819990" remote="130471959000000000" Dst="2" />
<file name="index.html" server="ftp.enthalpy.mx/eventos/" local="130470827677960090" remote="130471959000000000" Dst="2" />
<file name="revert.html" server="ftp.enthalpy.mx/eventos/" local="130470827678670580" remote="130471959000000000" Dst="2" />
<file name="scroll.html" server="ftp.enthalpy.mx/eventos/" local="130470827678750613" remote="130471959000000000" Dst="2" />
<file name="snap-to.html" server="ftp.enthalpy.mx/eventos/" local="130470827679290972" remote="130471959000000000" Dst="2" />
<file name="sortable.html" server="ftp.enthalpy.mx/eventos/" local="130470827679371025" remote="130471959000000000" Dst="2" />
<file name="visual-feedback.html" server="ftp.enthalpy.mx/eventos/" local="130470827679641202" remote="130471959000000000" Dst="2" />
</dwsync>