<?xml version="1.0" encoding="utf-8" ?>
<dwsync>
<file name="animated-overlay.gif" server="ftp.enthalpy.mx/eventos/" local="130476744360000000" remote="130477116600000000" Dst="2" />
<file name="ui-bg_flat_0_aaaaaa_40x100.png" server="ftp.enthalpy.mx/eventos/" local="130476744360000000" remote="130477116600000000" Dst="2" />
<file name="ui-bg_flat_75_ffffff_40x100.png" server="ftp.enthalpy.mx/eventos/" local="130476744360000000" remote="130477116600000000" Dst="2" />
<file name="ui-bg_glass_55_fbf9ee_1x400.png" server="ftp.enthalpy.mx/eventos/" local="130476744360000000" remote="130477116600000000" Dst="2" />
<file name="ui-bg_glass_65_ffffff_1x400.png" server="ftp.enthalpy.mx/eventos/" local="130476744360000000" remote="130477116600000000" Dst="2" />
<file name="ui-bg_glass_75_dadada_1x400.png" server="ftp.enthalpy.mx/eventos/" local="130476744360000000" remote="130477116600000000" Dst="2" />
<file name="ui-bg_glass_75_e6e6e6_1x400.png" server="ftp.enthalpy.mx/eventos/" local="130476744360000000" remote="130477116600000000" Dst="2" />
<file name="ui-bg_glass_95_fef1ec_1x400.png" server="ftp.enthalpy.mx/eventos/" local="130476744360000000" remote="130477116600000000" Dst="2" />
<file name="ui-bg_highlight-soft_75_628ed7_1x100.png" server="ftp.enthalpy.mx/eventos/" local="130476744360000000" remote="130477116600000000" Dst="2" />
<file name="ui-icons_222222_256x240.png" server="ftp.enthalpy.mx/eventos/" local="130476744360000000" remote="130477116600000000" Dst="2" />
<file name="ui-icons_2e83ff_256x240.png" server="ftp.enthalpy.mx/eventos/" local="130476744360000000" remote="130477116600000000" Dst="2" />
<file name="ui-icons_454545_256x240.png" server="ftp.enthalpy.mx/eventos/" local="130476744360000000" remote="130477116600000000" Dst="2" />
<file name="ui-icons_888888_256x240.png" server="ftp.enthalpy.mx/eventos/" local="130476744360000000" remote="130477116600000000" Dst="2" />
<file name="ui-icons_92233d_256x240.png" server="ftp.enthalpy.mx/eventos/" local="130476744360000000" remote="130477116600000000" Dst="2" />
<file name="ui-icons_cd0a0a_256x240.png" server="ftp.enthalpy.mx/eventos/" local="130476744360000000" remote="130477116600000000" Dst="2" />
</dwsync>