<?xml version="1.0" encoding="utf-8" ?>
<dwsync>
<file name="e.sql" server="ftp.enthalpy.mx/eventos/" local="130712617434267000" remote="130531608000000000" Dst="1" />
<file name="eventos.php" server="ftp.enthalpy.mx/eventos/" local="130712617439257000" remote="130593205200000000" Dst="1" />
<file name="error_log" server="ftp.enthalpy.mx/eventos/" local="130712617546107000" remote="130712826600000000" Dst="1" />
<file name="home.php" server="ftp.enthalpy.mx/eventos/" local="130712618750597000" remote="130593205200000000" Dst="1" />
<file name="index.php" server="ftp.enthalpy.mx/eventos/" local="130712618773037000" remote="130593205200000000" Dst="1" />
<file name="modulos.php" server="ftp.enthalpy.mx/eventos/" local="130712618827497000" remote="130593205200000000" Dst="1" />
<file name="nuevo.sql" server="ftp.enthalpy.mx/eventos/" local="130712618828947000" remote="130531608000000000" Dst="1" />
<file name="pdf.php" server="ftp.enthalpy.mx/eventos/" local="130712618877837000" remote="130593205200000000" Dst="1" />
<file name="probar.php" server="ftp.enthalpy.mx/eventos/" local="130712618878457000" remote="130593205200000000" Dst="1" />
</dwsync>