<?xml version="1.0" encoding="utf-8" ?>
<dwsync>
<file name="header.php" server="ftp.enthalpy.mx/eventos/" local="130494838751345889" remote="130495890000000000" Dst="2" />
<file name="footer.php" server="ftp.enthalpy.mx/eventos/" local="130492272163732367" remote="130492566000000000" Dst="2" />
<file name="formtipo.php" server="ftp.enthalpy.mx/eventos/" local="130476798618265294" remote="130477116600000000" Dst="2" />
<file name="f_articulos.php" server="ftp.enthalpy.mx/eventos/" local="130480546332646823" remote="130481417400000000" Dst="2" />
<file name="f_areas.php" server="ftp.enthalpy.mx/eventos/" local="130480548620038381" remote="130481417400000000" Dst="2" />
<file name="f_clientes.php" server="ftp.enthalpy.mx/eventos/" local="130480234210000000" remote="130480609800000000" Dst="2" />
<file name="f_familias.php" server="ftp.enthalpy.mx/eventos/" local="130480270059773198" remote="130480609800000000" Dst="2" />
<file name="f_subfamilias.php" server="ftp.enthalpy.mx/eventos/" local="130480269952161116" remote="130480609800000000" Dst="2" />
<file name="f_proveedores.php" server="ftp.enthalpy.mx/eventos/" local="130480243972711675" remote="130480609800000000" Dst="2" />
<file name="f_paquetes.php" server="ftp.enthalpy.mx/eventos/" local="130480558682563278" remote="130481417400000000" Dst="2" />
<file name="f_tipo_eventos.php" server="ftp.enthalpy.mx/eventos/" local="130480962696968887" remote="130481417400000000" Dst="2" />
<file name="f_unidades.php" server="ftp.enthalpy.mx/eventos/" local="130480553992503519" remote="130481417400000000" Dst="2" />
<file name="inset.php" server="ftp.enthalpy.mx/eventos/" local="130480536192629136" remote="130481417400000000" Dst="2" />
<file name="f_clientes.php" server="ftp.leadon.com.mx/eventos/" local="130494156164391069" remote="130494156600000000" Dst="2" />
<file name="f_proveedores.php" server="ftp.leadon.com.mx/eventos/" local="130494157467340620" remote="130494169800000000" Dst="2" />
<file name="f_tipo_eventos.php" server="ftp.leadon.com.mx/eventos/" local="130480962696968887" remote="130494214800000000" Dst="2" />
<file name="header.php" server="ftp.leadon.com.mx/eventos/" local="130492406290996709" remote="130494214800000000" Dst="2" />
<file name="footer.php" server="ftp.leadon.com.mx/eventos/" local="130492272163732367" remote="130494214800000000" Dst="2" />
</dwsync>