<?xml version="1.0" encoding="utf-8" ?>
<dwsync>
<file name="categories.html" server="ftp.enthalpy.mx/eventos/" local="130470827665251669" remote="130471959000000000" Dst="2" />
<file name="combobox.html" server="ftp.enthalpy.mx/eventos/" local="130470827665281686" remote="130471959000000000" Dst="2" />
<file name="custom-data.html" server="ftp.enthalpy.mx/eventos/" local="130470827666162238" remote="130471959000000000" Dst="2" />
<file name="default.html" server="ftp.enthalpy.mx/eventos/" local="130470827666582538" remote="130471959000000000" Dst="2" />
<file name="folding.html" server="ftp.enthalpy.mx/eventos/" local="130470827666932767" remote="130471959000000000" Dst="2" />
<file name="index.html" server="ftp.enthalpy.mx/eventos/" local="130470827667753313" remote="130471959000000000" Dst="2" />
<file name="london.xml" server="ftp.enthalpy.mx/eventos/" local="130470827667943423" remote="130471959000000000" Dst="2" />
<file name="maxheight.html" server="ftp.enthalpy.mx/eventos/" local="130470827668023496" remote="130471959000000000" Dst="2" />
<file name="multiple-remote.html" server="ftp.enthalpy.mx/eventos/" local="130470827668113567" remote="130471959000000000" Dst="2" />
<file name="multiple.html" server="ftp.enthalpy.mx/eventos/" local="130470827668283683" remote="130471959000000000" Dst="2" />
<file name="remote-jsonp.html" server="ftp.enthalpy.mx/eventos/" local="130470827668653926" remote="130471959000000000" Dst="2" />
<file name="remote-with-cache.html" server="ftp.enthalpy.mx/eventos/" local="130470827668733959" remote="130471959000000000" Dst="2" />
<file name="remote.html" server="ftp.enthalpy.mx/eventos/" local="130470827669204296" remote="130471959000000000" Dst="2" />
<file name="search.php" server="ftp.enthalpy.mx/eventos/" local="130470827669434445" remote="130471959000000000" Dst="2" />
<file name="xml.html" server="ftp.enthalpy.mx/eventos/" local="130470827669514499" remote="130471959000000000" Dst="2" />
</dwsync>