<?xml version="1.0" encoding="utf-8" ?>
<dwsync>
<file name="high_tatras2_min.jpg" server="ftp.enthalpy.mx/eventos/" local="130470827681302314" remote="130471959000000000" Dst="2" />
<file name="high_tatras.jpg" server="ftp.enthalpy.mx/eventos/" local="130470827680751951" remote="130471959000000000" Dst="2" />
<file name="high_tatras2.jpg" server="ftp.enthalpy.mx/eventos/" local="130470827680982128" remote="130471959000000000" Dst="2" />
<file name="high_tatras3.jpg" server="ftp.enthalpy.mx/eventos/" local="130470827681532484" remote="130471959000000000" Dst="2" />
<file name="high_tatras3_min.jpg" server="ftp.enthalpy.mx/eventos/" local="130470827681622547" remote="130471959000000000" Dst="2" />
<file name="high_tatras4.jpg" server="ftp.enthalpy.mx/eventos/" local="130470827681822660" remote="130471959000000000" Dst="2" />
<file name="high_tatras4_min.jpg" server="ftp.enthalpy.mx/eventos/" local="130470827681902727" remote="130471959000000000" Dst="2" />
<file name="high_tatras_min.jpg" server="ftp.enthalpy.mx/eventos/" local="130470827682142900" remote="130471959000000000" Dst="2" />
</dwsync>