<?xml version="1.0" encoding="utf-8" ?>
<dwsync>
<file name="accepted-elements.html" server="ftp.enthalpy.mx/eventos/" local="130470827680051499" remote="130471959000000000" Dst="2" />
<file name="default.html" server="ftp.enthalpy.mx/eventos/" local="130470827680131552" remote="130471959000000000" Dst="2" />
<file name="index.html" server="ftp.enthalpy.mx/eventos/" local="130470827682423059" remote="130471959000000000" Dst="2" />
<file name="photo-manager.html" server="ftp.enthalpy.mx/eventos/" local="130470827682733262" remote="130471959000000000" Dst="2" />
<file name="propagation.html" server="ftp.enthalpy.mx/eventos/" local="130470827682833336" remote="130471959000000000" Dst="2" />
<file name="revert.html" server="ftp.enthalpy.mx/eventos/" local="130470827682913382" remote="130471959000000000" Dst="2" />
<file name="shopping-cart.html" server="ftp.enthalpy.mx/eventos/" local="130470827683063479" remote="130471959000000000" Dst="2" />
<file name="visual-feedback.html" server="ftp.enthalpy.mx/eventos/" local="130470827683153562" remote="130471959000000000" Dst="2" />
</dwsync>